,trustLevel,totalScanTimeInSeconds,lineItemVoids,scansWithoutRegistration,scannedLineItemsPerSecond,valuePerSecond,lineItemVoidsPerPosition,fraud
0,5.0,7,7.0,0.0,5,4,3,0.0
2,3.0,10,3.0,10.0,2,3,2,0.0
3,6.0,12,8.0,4.0,3,4,3,0.0
5,1.0,5,11.0,5.0,6,2,4,1.0
7,2.0,10,0.0,8.0,2,2,1,0.0
8,6.0,6,7.0,0.0,5,5,3,0.0
9,2.0,5,10.0,2.0,7,5,4,0.0
10,5.0,10,4.0,2.0,2,4,3,0.0
11,4.0,5,8.0,0.0,5,3,4,0.0
12,4.0,12,4.0,10.0,1,1,4,0.0
13,4.0,12,7.0,4.0,3,1,3,0.0
14,6.0,11,2.0,1.0,3,3,1,0.0
15,1.0,6,3.0,1.0,2,3,5,0.0
16,3.0,9,11.0,10.0,3,3,5,0.0
17,6.0,4,6.0,10.0,8,10,3,0.0
19,3.0,12,7.0,4.0,2,2,4,0.0
20,3.0,12,1.0,2.0,2,3,1,0.0
21,4.0,10,6.0,4.0,1,1,11,0.0
22,4.0,6,0.0,5.0,2,8,1,0.0
25,5.0,5,8.0,7.0,2,8,8,0.0
26,3.0,10,10.0,3.0,4,2,3,0.0
28,6.0,11,6.0,7.0,3,2,3,0.0
29,5.0,10,4.0,3.0,3,5,2,0.0
32,5.0,6,2.0,10.0,5,7,1,0.0
33,2.0,9,2.0,0.0,1,3,3,0.0
35,2.0,2,0.0,9.0,3,4,1,0.0
36,5.0,5,0.0,10.0,3,7,1,0.0
37,2.0,9,7.0,9.0,4,4,3,1.0
38,5.0,11,7.0,6.0,3,5,4,0.0
39,4.0,6,4.0,5.0,2,2,4,0.0
41,2.0,4,11.0,5.0,3,8,12,0.0
42,4.0,7,2.0,3.0,3,5,2,0.0
45,6.0,6,7.0,2.0,2,7,6,0.0
46,6.0,10,7.0,7.0,4,4,3,0.0
47,6.0,10,9.0,8.0,4,4,4,0.0
48,6.0,12,0.0,0.0,2,3,1,0.0
50,4.0,4,0.0,0.0,1,11,1,0.0
51,3.0,11,2.0,2.0,4,2,1,0.0
52,1.0,4,3.0,5.0,3,11,4,0.0
53,1.0,9,5.0,8.0,4,2,2,1.0
54,3.0,7,2.0,4.0,4,2,1,0.0
55,1.0,5,4.0,10.0,3,1,4,0.0
56,1.0,10,9.0,0.0,3,3,4,0.0
57,6.0,4,7.0,7.0,4,3,4,0.0
58,2.0,2,1.0,7.0,9,11,1,0.0
60,5.0,8,7.0,2.0,2,3,6,0.0
61,2.0,10,5.0,9.0,2,4,3,0.0
62,5.0,3,2.0,7.0,5,9,2,0.0
63,1.0,12,0.0,9.0,2,2,1,0.0
64,6.0,7,7.0,3.0,2,5,7,0.0
65,1.0,8,1.0,0.0,3,2,1,0.0
67,2.0,9,7.0,1.0,4,1,3,0.0
69,4.0,8,7.0,4.0,5,1,2,0.0
70,1.0,6,11.0,3.0,5,3,5,0.0
72,6.0,8,7.0,10.0,4,4,3,0.0
73,3.0,9,1.0,8.0,3,6,1,0.0
74,2.0,7,4.0,0.0,3,2,3,0.0
76,2.0,1,11.0,10.0,10,10,7,0.0
77,4.0,10,2.0,8.0,1,3,5,0.0
78,4.0,9,0.0,0.0,2,5,1,0.0
79,3.0,12,3.0,1.0,1,1,3,0.0
80,3.0,11,7.0,8.0,1,1,8,0.0
81,3.0,7,1.0,9.0,5,2,1,0.0
83,3.0,3,6.0,0.0,8,12,3,0.0
85,3.0,11,6.0,5.0,2,1,4,0.0
86,2.0,7,9.0,10.0,2,4,10,0.0
87,2.0,10,8.0,3.0,4,3,3,0.0
88,5.0,8,11.0,0.0,3,6,5,0.0
89,6.0,12,5.0,1.0,2,3,4,0.0
90,5.0,7,6.0,2.0,4,5,3,0.0
91,1.0,7,7.0,0.0,5,6,3,1.0
92,2.0,10,11.0,4.0,3,1,5,0.0
93,6.0,8,4.0,7.0,2,2,4,0.0
94,2.0,6,8.0,5.0,3,1,5,0.0
96,3.0,11,9.0,5.0,2,2,5,0.0
97,2.0,9,7.0,8.0,4,5,3,1.0
99,6.0,6,6.0,9.0,2,9,7,0.0
100,6.0,11,4.0,6.0,3,4,2,0.0
101,4.0,4,0.0,4.0,6,6,1,0.0
102,1.0,9,7.0,7.0,3,3,4,0.0
103,1.0,9,5.0,1.0,3,3,3,0.0
104,6.0,6,6.0,6.0,2,7,6,0.0
106,3.0,11,8.0,9.0,2,4,5,0.0
109,4.0,12,3.0,7.0,2,3,2,0.0
110,4.0,3,10.0,1.0,8,1,4,0.0
112,2.0,9,2.0,3.0,2,6,3,0.0
113,3.0,8,8.0,1.0,3,6,5,0.0
114,4.0,8,0.0,5.0,3,5,1,0.0
115,2.0,7,9.0,0.0,2,6,11,0.0
116,1.0,7,1.0,7.0,4,2,1,0.0
121,2.0,3,1.0,5.0,6,12,1,0.0
122,4.0,4,3.0,7.0,6,12,2,0.0
123,3.0,3,2.0,5.0,10,2,1,0.0
124,3.0,5,8.0,0.0,6,6,3,0.0
126,1.0,3,10.0,3.0,10,3,4,1.0
128,6.0,7,6.0,9.0,5,1,3,0.0
130,3.0,10,7.0,9.0,4,3,3,0.0
131,5.0,5,3.0,3.0,5,4,2,0.0
134,4.0,3,8.0,0.0,12,8,3,0.0
135,2.0,6,6.0,10.0,5,1,3,0.0
137,3.0,2,2.0,8.0,6,3,2,0.0
138,3.0,8,3.0,1.0,1,6,4,0.0
141,5.0,5,2.0,5.0,3,2,2,0.0
143,1.0,6,9.0,3.0,6,1,3,1.0
144,1.0,5,0.0,8.0,2,8,1,0.0
145,1.0,9,7.0,1.0,2,3,6,0.0
148,1.0,2,9.0,8.0,6,11,9,0.0
149,2.0,12,2.0,0.0,1,1,2,0.0
150,5.0,5,11.0,6.0,7,4,4,0.0
152,2.0,3,1.0,3.0,9,6,1,0.0
153,5.0,9,3.0,7.0,2,2,2,0.0
154,4.0,10,7.0,9.0,2,3,7,0.0
155,3.0,12,7.0,3.0,3,1,3,0.0
157,1.0,5,7.0,8.0,4,8,4,0.0
158,5.0,5,1.0,1.0,1,1,9,0.0
159,2.0,5,8.0,9.0,7,9,3,0.0
160,5.0,8,4.0,1.0,4,5,2,0.0
161,1.0,7,1.0,4.0,3,7,1,0.0
162,4.0,5,8.0,8.0,5,1,4,0.0
163,6.0,11,1.0,5.0,3,4,1,0.0
164,6.0,3,8.0,1.0,9,6,3,0.0
165,3.0,10,3.0,10.0,2,2,3,0.0
167,2.0,4,4.0,4.0,9,5,2,0.0
168,3.0,10,7.0,4.0,3,5,3,0.0
169,3.0,7,0.0,6.0,1,3,1,0.0
174,2.0,4,3.0,4.0,4,12,3,0.0
175,5.0,8,2.0,9.0,4,6,1,0.0
176,5.0,8,3.0,5.0,4,5,2,0.0
177,1.0,7,3.0,8.0,4,3,2,1.0
178,1.0,9,5.0,7.0,3,2,2,1.0
179,3.0,6,9.0,0.0,3,4,7,0.0
181,5.0,10,3.0,5.0,2,2,3,0.0
184,5.0,5,8.0,5.0,4,1,5,0.0
185,4.0,10,11.0,6.0,3,5,5,0.0
186,2.0,3,0.0,1.0,1,3,1,0.0
187,6.0,11,11.0,8.0,3,4,4,0.0
188,6.0,4,4.0,5.0,6,1,2,0.0
189,5.0,4,1.0,6.0,8,9,1,0.0
191,5.0,12,1.0,6.0,2,4,1,0.0
193,2.0,12,6.0,2.0,1,1,5,0.0
195,5.0,12,2.0,5.0,1,1,3,0.0
196,2.0,12,7.0,5.0,2,2,4,0.0
198,4.0,9,4.0,6.0,4,5,2,0.0
199,2.0,5,1.0,2.0,6,1,1,0.0
200,5.0,11,7.0,5.0,1,3,10,0.0
201,2.0,2,5.0,2.0,12,6,2,0.0
202,4.0,8,2.0,2.0,2,6,2,0.0
204,5.0,7,1.0,3.0,2,5,1,0.0
205,1.0,7,11.0,5.0,4,6,5,1.0
207,1.0,3,11.0,3.0,8,6,5,0.0
209,5.0,7,2.0,7.0,1,6,3,0.0
211,4.0,12,3.0,6.0,2,2,2,0.0
212,4.0,5,8.0,9.0,4,6,5,0.0
213,5.0,9,5.0,10.0,2,4,3,0.0
214,5.0,8,6.0,8.0,3,7,3,0.0
216,1.0,5,2.0,8.0,8,3,1,1.0
217,2.0,10,4.0,3.0,3,1,2,0.0
219,1.0,4,8.0,0.0,5,5,4,0.0
220,6.0,10,0.0,8.0,3,1,1,0.0
221,2.0,10,4.0,1.0,4,4,2,0.0
222,5.0,8,8.0,9.0,4,4,3,0.0
223,6.0,7,8.0,0.0,5,2,3,0.0
224,4.0,2,10.0,7.0,4,5,12,0.0
225,1.0,3,11.0,1.0,10,3,4,1.0
226,2.0,11,2.0,5.0,3,1,1,0.0
228,4.0,12,7.0,10.0,2,4,4,0.0
229,5.0,5,9.0,8.0,5,3,4,0.0
230,1.0,10,5.0,6.0,4,2,2,1.0
231,3.0,4,9.0,5.0,6,4,4,0.0
232,2.0,12,6.0,7.0,2,1,3,0.0
236,5.0,7,3.0,3.0,4,2,2,0.0
237,2.0,11,1.0,3.0,3,1,1,0.0
239,5.0,4,9.0,0.0,9,6,3,0.0
240,4.0,6,7.0,1.0,4,7,4,0.0
241,4.0,4,1.0,3.0,6,11,1,0.0
242,1.0,3,10.0,3.0,4,11,11,0.0
243,5.0,10,1.0,8.0,3,5,1,0.0
244,1.0,3,10.0,5.0,5,4,7,0.0
245,6.0,12,1.0,2.0,1,1,1,0.0
246,3.0,3,3.0,5.0,2,9,6,0.0
248,2.0,2,8.0,10.0,7,4,6,0.0
249,5.0,12,4.0,1.0,2,4,2,0.0
250,5.0,6,3.0,3.0,3,2,3,0.0
251,2.0,5,4.0,3.0,4,2,3,0.0
252,5.0,11,9.0,5.0,2,3,6,0.0
253,2.0,6,0.0,10.0,3,5,1,0.0
255,3.0,9,8.0,2.0,4,5,3,0.0
256,6.0,10,11.0,2.0,3,1,5,0.0
257,4.0,6,8.0,7.0,2,5,8,0.0
258,6.0,7,1.0,10.0,2,2,1,0.0
261,1.0,4,10.0,1.0,4,5,7,0.0
262,2.0,9,7.0,5.0,2,5,6,0.0
263,1.0,11,2.0,6.0,2,1,2,0.0
264,5.0,5,11.0,6.0,2,4,11,0.0
265,1.0,6,0.0,3.0,1,2,1,0.0
266,5.0,3,6.0,4.0,10,5,2,0.0
268,3.0,4,6.0,10.0,5,4,4,0.0
269,6.0,6,11.0,4.0,2,5,10,0.0
270,1.0,11,5.0,5.0,1,2,5,0.0
272,6.0,8,6.0,3.0,2,3,7,0.0
273,1.0,3,11.0,2.0,6,4,6,0.0
275,5.0,3,0.0,4.0,2,8,1,0.0
277,3.0,10,8.0,10.0,1,2,8,0.0
278,1.0,4,11.0,8.0,8,12,4,1.0
279,4.0,6,7.0,0.0,5,7,3,0.0
281,3.0,10,0.0,4.0,2,1,1,0.0
283,4.0,10,10.0,9.0,2,1,5,0.0
284,4.0,10,5.0,3.0,1,4,5,0.0
285,6.0,4,0.0,1.0,7,3,1,0.0
286,6.0,5,0.0,10.0,4,2,1,0.0
288,3.0,7,7.0,7.0,5,2,3,0.0
290,6.0,11,5.0,2.0,3,2,3,0.0
291,2.0,12,8.0,1.0,1,1,7,0.0
292,1.0,12,10.0,10.0,3,2,4,1.0
293,6.0,9,2.0,8.0,2,3,2,0.0
294,3.0,12,3.0,10.0,3,3,2,0.0
295,2.0,9,4.0,1.0,3,3,2,0.0
296,2.0,6,9.0,2.0,4,3,4,0.0
297,2.0,5,0.0,7.0,4,2,1,0.0
300,4.0,11,0.0,5.0,1,3,1,0.0
301,1.0,8,9.0,7.0,5,6,3,1.0
303,3.0,7,11.0,1.0,5,2,4,0.0
304,4.0,1,4.0,5.0,6,7,5,0.0
305,3.0,5,7.0,1.0,6,7,3,0.0
306,6.0,5,11.0,6.0,3,2,10,0.0
307,2.0,7,3.0,5.0,1,4,6,0.0
311,6.0,2,6.0,9.0,5,9,6,0.0
314,3.0,9,5.0,7.0,4,4,2,0.0
316,2.0,5,6.0,8.0,2,2,11,0.0
320,4.0,10,2.0,2.0,1,4,6,0.0
321,6.0,5,8.0,2.0,7,3,3,0.0
323,4.0,6,4.0,0.0,5,2,2,0.0
324,1.0,7,11.0,3.0,4,3,4,1.0
328,6.0,11,0.0,4.0,3,3,1,0.0
329,1.0,8,3.0,8.0,2,6,3,0.0
330,1.0,10,9.0,0.0,4,5,3,1.0
331,5.0,5,11.0,2.0,5,9,5,0.0
332,2.0,4,10.0,6.0,2,8,11,0.0
333,2.0,7,10.0,10.0,4,6,4,0.0
335,2.0,10,2.0,3.0,3,4,1,0.0
336,2.0,6,11.0,1.0,4,3,6,0.0
338,3.0,12,9.0,8.0,3,4,3,0.0
339,5.0,11,4.0,5.0,1,4,9,0.0
340,6.0,5,11.0,3.0,4,6,6,0.0
341,3.0,6,2.0,4.0,4,5,1,0.0
342,4.0,5,3.0,4.0,6,4,2,0.0
343,2.0,3,1.0,5.0,10,7,1,0.0
344,3.0,9,5.0,4.0,4,6,2,0.0
345,4.0,5,2.0,8.0,5,1,1,0.0
347,2.0,9,7.0,7.0,3,1,3,0.0
348,1.0,8,10.0,6.0,2,5,6,0.0
349,4.0,4,9.0,6.0,7,12,4,0.0
350,6.0,11,9.0,6.0,2,3,6,0.0
351,2.0,6,7.0,1.0,4,2,4,0.0
352,3.0,11,9.0,4.0,2,2,6,0.0
354,6.0,7,1.0,7.0,4,7,1,0.0
355,1.0,8,2.0,0.0,1,1,3,0.0
357,2.0,4,5.0,8.0,2,2,9,0.0
358,3.0,11,0.0,2.0,1,5,1,0.0
359,2.0,6,8.0,1.0,4,6,4,0.0
361,3.0,5,6.0,9.0,3,1,5,0.0
363,6.0,10,10.0,8.0,1,1,11,0.0
365,3.0,12,4.0,6.0,2,4,3,0.0
367,3.0,9,6.0,6.0,4,3,3,0.0
368,1.0,4,7.0,9.0,3,10,9,0.0
369,2.0,5,4.0,7.0,7,3,2,0.0
370,5.0,4,5.0,6.0,5,3,3,0.0
371,3.0,12,3.0,9.0,3,1,2,0.0
372,4.0,11,3.0,7.0,3,1,2,0.0
374,5.0,3,1.0,9.0,3,7,2,0.0
375,1.0,11,0.0,2.0,3,3,1,1.0
376,5.0,2,3.0,7.0,9,2,2,0.0
377,4.0,4,4.0,4.0,6,10,2,0.0
379,3.0,7,0.0,3.0,1,6,1,0.0
380,5.0,11,0.0,7.0,3,3,1,0.0
382,5.0,7,4.0,3.0,1,1,9,0.0
384,1.0,6,0.0,1.0,6,2,1,1.0
385,6.0,9,5.0,9.0,2,3,3,0.0
386,5.0,8,2.0,8.0,2,3,3,0.0
387,4.0,7,10.0,3.0,6,5,3,0.0
388,5.0,10,10.0,2.0,3,3,5,0.0
389,2.0,8,2.0,6.0,3,5,1,0.0
390,1.0,12,6.0,5.0,3,4,3,1.0
393,6.0,9,3.0,0.0,1,1,7,0.0
394,3.0,8,6.0,5.0,4,4,3,0.0
395,3.0,8,3.0,9.0,2,5,2,0.0
397,4.0,8,10.0,4.0,3,3,6,0.0
399,4.0,4,6.0,2.0,3,7,7,0.0
400,3.0,4,11.0,4.0,3,6,10,0.0
404,3.0,5,3.0,4.0,6,10,2,0.0
406,3.0,4,5.0,1.0,4,10,3,0.0
407,4.0,5,5.0,9.0,4,6,3,0.0
408,2.0,10,4.0,9.0,3,4,2,0.0
409,5.0,6,1.0,4.0,1,7,3,0.0
411,3.0,7,10.0,2.0,5,4,4,0.0
412,5.0,6,1.0,4.0,6,5,1,0.0
413,5.0,12,4.0,7.0,2,2,2,0.0
414,2.0,7,5.0,6.0,5,6,2,0.0
415,2.0,9,1.0,1.0,3,1,1,0.0
416,4.0,3,4.0,6.0,3,5,6,0.0
417,6.0,8,2.0,0.0,2,6,2,0.0
423,3.0,5,10.0,7.0,6,5,4,0.0
424,6.0,12,4.0,10.0,1,4,6,0.0
425,5.0,10,0.0,1.0,4,2,1,0.0
427,3.0,6,1.0,2.0,4,2,1,0.0
428,6.0,11,7.0,0.0,3,4,3,0.0
429,5.0,8,7.0,0.0,4,3,3,0.0
430,2.0,9,5.0,5.0,2,4,6,0.0
431,1.0,5,5.0,2.0,6,2,2,0.0
432,5.0,7,5.0,5.0,3,1,3,0.0
433,2.0,8,9.0,1.0,2,5,6,0.0
436,1.0,10,11.0,6.0,3,4,4,1.0
437,2.0,3,8.0,7.0,3,1,8,0.0
439,6.0,12,11.0,2.0,3,2,5,0.0
440,2.0,9,5.0,9.0,2,4,6,0.0
441,1.0,9,4.0,1.0,3,4,2,0.0
442,3.0,3,8.0,10.0,8,2,4,0.0
446,1.0,10,10.0,9.0,3,1,4,1.0
447,1.0,10,4.0,1.0,3,3,2,0.0
450,6.0,4,1.0,10.0,5,6,1,0.0
451,1.0,6,9.0,3.0,3,7,6,0.0
452,4.0,11,1.0,1.0,1,5,9,0.0
453,3.0,12,5.0,1.0,3,4,2,0.0
454,1.0,1,11.0,3.0,10,6,9,0.0
455,3.0,10,1.0,1.0,3,3,1,0.0
456,6.0,7,0.0,10.0,2,3,1,0.0
457,3.0,12,3.0,9.0,2,2,2,0.0
458,5.0,6,4.0,1.0,2,6,6,0.0
459,6.0,8,2.0,9.0,1,2,3,0.0
463,3.0,7,8.0,5.0,4,5,4,0.0
464,6.0,4,11.0,4.0,5,6,6,0.0
465,3.0,2,1.0,7.0,8,10,1,0.0
466,2.0,12,1.0,1.0,3,4,1,0.0
469,4.0,12,3.0,8.0,2,2,2,0.0
471,4.0,2,7.0,5.0,10,9,4,0.0
472,5.0,8,8.0,7.0,3,6,5,0.0
473,5.0,11,2.0,3.0,3,2,1,0.0
474,5.0,6,5.0,3.0,3,1,4,0.0
475,6.0,4,10.0,3.0,2,1,12,0.0
476,4.0,12,0.0,6.0,2,4,1,0.0
477,1.0,7,11.0,3.0,2,1,8,0.0
478,6.0,9,11.0,4.0,3,3,5,0.0
480,2.0,6,1.0,1.0,3,2,1,0.0
481,2.0,8,1.0,6.0,3,1,1,0.0
482,6.0,4,8.0,5.0,8,1,3,0.0
483,6.0,10,0.0,3.0,2,2,1,0.0
485,1.0,9,3.0,2.0,3,3,2,0.0
488,3.0,12,0.0,6.0,1,4,1,0.0
490,1.0,8,9.0,1.0,3,6,6,0.0
491,6.0,10,11.0,8.0,3,3,5,0.0
492,3.0,5,11.0,5.0,3,9,8,0.0
493,6.0,5,11.0,4.0,5,5,6,0.0
494,3.0,3,3.0,10.0,9,1,2,0.0
496,6.0,11,9.0,0.0,2,2,5,0.0
497,6.0,4,9.0,8.0,4,4,7,0.0
498,2.0,3,6.0,3.0,3,12,6,0.0
499,1.0,4,6.0,8.0,9,2,2,1.0
500,3.0,6,6.0,5.0,6,4,2,0.0
501,1.0,6,5.0,9.0,4,6,2,1.0
502,3.0,12,7.0,3.0,2,2,5,0.0
503,6.0,6,9.0,4.0,4,4,5,0.0
504,3.0,10,9.0,0.0,4,1,3,0.0
505,5.0,3,0.0,5.0,12,6,1,0.0
507,1.0,10,0.0,6.0,1,1,1,0.0
508,6.0,3,1.0,5.0,5,4,1,0.0
509,4.0,9,3.0,4.0,4,3,1,0.0
510,3.0,4,0.0,7.0,7,2,1,0.0
511,2.0,3,4.0,10.0,5,10,4,0.0
513,1.0,2,6.0,6.0,7,7,4,0.0
515,4.0,10,11.0,9.0,2,3,9,0.0
516,1.0,7,0.0,2.0,5,4,1,1.0
517,1.0,2,2.0,6.0,9,5,1,0.0
518,3.0,6,6.0,2.0,5,6,3,0.0
519,6.0,8,8.0,6.0,4,4,3,0.0
521,1.0,9,1.0,0.0,3,5,1,0.0
522,6.0,5,5.0,0.0,2,6,6,0.0
523,4.0,7,0.0,0.0,1,1,1,0.0
524,2.0,6,4.0,6.0,1,7,9,0.0
525,4.0,9,1.0,3.0,5,2,1,0.0
526,2.0,2,0.0,1.0,12,2,1,0.0
527,6.0,6,4.0,0.0,3,8,4,0.0
528,4.0,12,0.0,9.0,1,4,1,0.0
529,3.0,4,2.0,3.0,5,4,2,0.0
531,5.0,9,5.0,1.0,4,4,2,0.0
532,6.0,5,6.0,3.0,2,4,9,0.0
533,5.0,6,9.0,9.0,3,7,6,0.0
534,6.0,8,1.0,4.0,1,1,9,0.0
537,1.0,10,4.0,10.0,2,3,3,0.0
538,6.0,6,10.0,9.0,6,2,3,0.0
539,2.0,9,6.0,3.0,1,3,11,0.0
541,3.0,10,7.0,6.0,2,4,5,0.0
542,2.0,6,2.0,1.0,1,7,6,0.0
543,4.0,9,7.0,2.0,2,4,5,0.0
545,3.0,10,5.0,8.0,4,1,2,0.0
546,4.0,3,6.0,1.0,8,8,3,0.0
547,3.0,3,4.0,8.0,10,4,2,0.0
548,1.0,10,3.0,5.0,4,4,1,1.0
549,1.0,5,4.0,8.0,4,4,3,0.0
551,3.0,8,9.0,4.0,2,1,10,0.0
552,6.0,7,2.0,3.0,3,5,2,0.0
553,2.0,10,7.0,10.0,3,1,3,0.0
554,5.0,9,11.0,9.0,4,3,4,0.0
555,6.0,11,0.0,6.0,3,1,1,0.0
556,6.0,6,5.0,5.0,5,2,2,0.0
560,3.0,5,2.0,7.0,7,1,1,0.0
561,4.0,5,7.0,4.0,2,6,10,0.0
564,1.0,12,0.0,2.0,1,2,1,0.0
566,3.0,8,0.0,2.0,4,6,1,0.0
569,3.0,5,10.0,2.0,6,3,4,0.0
570,1.0,12,3.0,3.0,2,2,2,0.0
571,3.0,11,10.0,6.0,3,3,4,0.0
573,3.0,11,3.0,1.0,1,2,9,0.0
575,1.0,4,2.0,9.0,4,7,2,0.0
576,4.0,3,1.0,1.0,3,3,2,0.0
577,3.0,6,7.0,4.0,1,8,12,0.0
578,2.0,6,2.0,0.0,1,7,5,0.0
579,5.0,6,8.0,7.0,5,5,4,0.0
580,2.0,8,0.0,5.0,3,1,1,0.0
581,3.0,1,0.0,9.0,9,2,1,0.0
582,1.0,6,8.0,0.0,4,1,4,0.0
583,2.0,4,0.0,10.0,4,3,1,0.0
584,2.0,3,6.0,3.0,11,4,2,0.0
585,1.0,4,6.0,5.0,4,11,5,0.0
586,2.0,11,0.0,10.0,1,1,1,0.0
587,3.0,4,8.0,0.0,4,12,6,0.0
588,2.0,6,11.0,5.0,3,5,7,0.0
589,4.0,10,1.0,8.0,1,5,3,0.0
592,5.0,8,10.0,7.0,2,5,11,0.0
594,4.0,6,1.0,8.0,3,5,1,0.0
595,6.0,12,3.0,10.0,2,1,2,0.0
596,6.0,10,6.0,9.0,1,3,11,0.0
597,4.0,6,2.0,2.0,4,8,1,0.0
598,6.0,8,11.0,4.0,2,6,12,0.0
599,1.0,6,10.0,2.0,2,1,9,0.0
600,4.0,9,9.0,10.0,2,4,10,0.0
603,6.0,11,8.0,2.0,4,5,3,0.0
604,1.0,7,8.0,2.0,4,2,4,0.0
606,6.0,8,4.0,3.0,4,1,2,0.0
607,6.0,7,2.0,3.0,1,3,9,0.0
608,1.0,12,10.0,1.0,1,2,11,0.0
610,1.0,3,9.0,10.0,9,7,3,1.0
611,3.0,7,7.0,9.0,4,2,3,0.0
613,5.0,11,4.0,6.0,1,5,7,0.0
614,5.0,8,8.0,2.0,3,3,4,0.0
616,5.0,12,5.0,6.0,3,2,2,0.0
617,5.0,3,4.0,2.0,7,10,2,0.0
618,5.0,11,3.0,2.0,2,3,2,0.0
619,4.0,6,10.0,6.0,4,7,4,0.0
620,1.0,8,8.0,0.0,2,6,6,0.0
622,6.0,4,4.0,8.0,6,12,2,0.0
624,3.0,10,7.0,9.0,2,4,6,0.0
625,5.0,11,4.0,3.0,2,4,3,0.0
626,6.0,12,6.0,4.0,3,1,2,0.0
627,4.0,4,0.0,7.0,1,12,1,0.0
629,2.0,3,0.0,1.0,6,12,1,0.0
630,2.0,6,2.0,9.0,1,6,9,0.0
632,4.0,8,6.0,7.0,4,2,2,0.0
634,2.0,3,0.0,10.0,10,11,1,0.0
636,3.0,5,1.0,2.0,2,4,2,0.0
642,2.0,11,0.0,9.0,1,2,1,0.0
643,2.0,2,10.0,4.0,11,8,4,0.0
644,4.0,8,11.0,10.0,3,5,6,0.0
645,1.0,12,5.0,1.0,3,1,2,1.0
646,5.0,6,3.0,1.0,6,2,1,0.0
647,4.0,9,0.0,10.0,3,6,1,0.0
648,1.0,10,2.0,10.0,4,1,1,1.0
649,4.0,12,10.0,5.0,3,4,4,0.0
650,6.0,7,4.0,7.0,1,3,9,0.0
651,1.0,6,11.0,2.0,3,7,9,0.0
653,4.0,11,3.0,2.0,3,5,2,0.0
655,3.0,8,9.0,1.0,3,2,5,0.0
656,5.0,11,11.0,10.0,3,3,5,0.0
657,6.0,7,6.0,5.0,5,6,2,0.0
659,2.0,9,7.0,4.0,2,4,6,0.0
660,4.0,9,4.0,9.0,2,3,4,0.0
663,2.0,6,1.0,9.0,5,6,1,0.0
665,3.0,10,10.0,7.0,1,3,10,0.0
666,3.0,7,0.0,1.0,1,2,1,0.0
667,4.0,3,8.0,10.0,3,11,12,0.0
668,3.0,3,0.0,7.0,10,7,1,0.0
670,4.0,4,2.0,10.0,2,4,3,0.0
671,3.0,11,6.0,2.0,2,1,4,0.0
674,1.0,7,9.0,4.0,3,6,5,0.0
675,1.0,12,7.0,4.0,2,3,4,0.0
676,2.0,10,9.0,0.0,2,5,6,0.0
677,3.0,4,11.0,2.0,6,2,5,0.0
678,1.0,5,1.0,9.0,4,3,1,0.0
680,1.0,10,7.0,3.0,3,2,4,0.0
681,6.0,11,0.0,10.0,1,5,1,0.0
682,2.0,9,8.0,3.0,3,5,4,0.0
683,4.0,10,5.0,6.0,4,3,2,0.0
684,6.0,9,7.0,2.0,5,5,2,0.0
685,4.0,6,6.0,9.0,6,2,2,0.0
686,4.0,12,7.0,1.0,3,1,3,0.0
688,4.0,6,10.0,1.0,4,8,5,0.0
689,5.0,3,5.0,2.0,11,3,2,0.0
690,5.0,12,7.0,10.0,1,3,7,0.0
691,5.0,10,0.0,9.0,3,1,1,0.0
692,5.0,8,9.0,5.0,5,4,3,0.0
693,2.0,11,3.0,5.0,1,3,7,0.0
695,2.0,1,0.0,4.0,11,5,1,0.0
696,6.0,12,4.0,10.0,2,2,2,0.0
697,1.0,6,4.0,9.0,5,3,2,1.0
698,1.0,12,4.0,10.0,2,1,3,0.0
699,1.0,8,7.0,2.0,2,6,9,0.0
700,5.0,5,10.0,5.0,4,5,6,0.0
702,2.0,7,1.0,10.0,1,1,3,0.0
704,2.0,11,4.0,7.0,2,4,4,0.0
705,4.0,11,1.0,5.0,3,1,1,0.0
706,4.0,3,7.0,5.0,7,6,4,0.0
707,2.0,4,9.0,3.0,6,12,5,0.0
708,2.0,4,6.0,10.0,9,5,2,1.0
710,2.0,8,2.0,9.0,1,4,5,0.0
711,2.0,2,0.0,10.0,6,2,1,0.0
712,2.0,11,3.0,5.0,1,3,4,0.0
714,6.0,6,2.0,3.0,3,2,2,0.0
715,1.0,11,6.0,6.0,2,5,4,0.0
716,2.0,4,6.0,8.0,3,4,6,0.0
718,6.0,7,11.0,8.0,2,4,8,0.0
721,6.0,3,6.0,10.0,11,3,3,0.0
723,5.0,5,2.0,8.0,6,5,1,0.0
725,6.0,8,3.0,0.0,3,5,2,0.0
726,6.0,6,9.0,7.0,5,4,4,0.0
727,3.0,12,3.0,2.0,2,4,2,0.0
728,3.0,4,1.0,2.0,8,5,1,0.0
729,6.0,7,11.0,10.0,6,6,4,0.0
730,3.0,10,5.0,9.0,1,4,9,0.0
732,1.0,8,3.0,5.0,4,3,2,1.0
733,6.0,4,11.0,3.0,8,6,4,0.0
734,2.0,4,11.0,9.0,3,11,12,0.0
735,3.0,5,7.0,7.0,6,1,3,0.0
736,1.0,7,7.0,0.0,3,6,4,0.0
737,6.0,10,5.0,2.0,1,5,9,0.0
738,3.0,5,7.0,9.0,3,2,5,0.0
739,3.0,11,8.0,6.0,3,2,4,0.0
740,4.0,6,2.0,7.0,1,6,9,0.0
741,4.0,9,0.0,9.0,1,4,1,0.0
742,5.0,11,9.0,6.0,4,5,3,0.0
743,4.0,11,3.0,10.0,3,3,2,0.0
745,1.0,3,6.0,1.0,7,10,3,0.0
746,1.0,10,7.0,1.0,1,1,9,0.0
747,6.0,12,0.0,2.0,2,4,1,0.0
749,2.0,6,5.0,10.0,4,1,3,0.0
751,5.0,4,11.0,6.0,9,4,4,0.0
752,5.0,4,10.0,10.0,8,9,3,0.0
754,1.0,10,4.0,5.0,3,5,2,1.0
755,2.0,3,5.0,9.0,5,10,3,0.0
756,4.0,6,0.0,1.0,1,6,1,0.0
758,4.0,7,6.0,1.0,5,1,2,0.0
761,2.0,9,5.0,5.0,4,2,2,0.0
762,1.0,10,4.0,6.0,4,2,2,1.0
763,4.0,12,1.0,1.0,3,3,1,0.0
765,2.0,10,0.0,0.0,4,3,1,0.0
766,5.0,12,1.0,7.0,1,3,2,0.0
768,6.0,8,1.0,7.0,1,6,9,0.0
769,3.0,10,1.0,5.0,3,2,1,0.0
770,5.0,2,0.0,5.0,4,6,1,0.0
772,1.0,7,3.0,3.0,5,4,1,1.0
773,2.0,5,5.0,4.0,3,9,4,0.0
775,2.0,11,4.0,10.0,2,1,3,0.0
777,3.0,3,8.0,0.0,6,8,4,0.0
778,1.0,11,10.0,7.0,3,4,5,1.0
779,5.0,8,2.0,9.0,5,1,1,0.0
780,4.0,12,8.0,8.0,1,3,12,0.0
781,5.0,9,7.0,6.0,4,1,3,0.0
783,2.0,12,9.0,5.0,1,1,10,0.0
786,4.0,10,4.0,8.0,3,5,2,0.0
788,5.0,11,6.0,4.0,1,4,8,0.0
790,6.0,6,4.0,3.0,2,4,5,0.0
791,5.0,11,10.0,3.0,4,3,3,0.0
793,4.0,3,6.0,10.0,8,8,3,0.0
794,5.0,6,2.0,10.0,6,3,1,0.0
795,3.0,3,4.0,10.0,2,11,9,0.0
797,5.0,5,0.0,2.0,6,9,1,0.0
798,4.0,9,4.0,10.0,3,4,2,0.0
800,5.0,4,0.0,7.0,6,3,1,0.0
802,1.0,6,3.0,0.0,3,8,2,0.0
803,1.0,5,6.0,5.0,6,4,2,1.0
804,6.0,10,1.0,10.0,1,2,2,0.0
806,5.0,12,2.0,8.0,2,4,2,0.0
807,2.0,9,1.0,4.0,2,6,1,0.0
810,6.0,11,8.0,6.0,4,4,3,0.0
811,6.0,11,2.0,2.0,2,2,1,0.0
812,2.0,7,7.0,10.0,2,1,9,0.0
813,4.0,5,1.0,8.0,6,5,1,0.0
814,4.0,10,3.0,3.0,1,3,5,0.0
815,2.0,12,1.0,3.0,1,2,3,0.0
816,1.0,7,10.0,8.0,3,5,7,0.0
818,1.0,8,2.0,6.0,1,2,3,0.0
820,6.0,8,11.0,0.0,5,4,4,0.0
821,6.0,11,4.0,8.0,3,5,2,0.0
822,4.0,11,10.0,9.0,2,4,6,0.0
823,4.0,6,1.0,5.0,1,5,5,0.0
824,2.0,4,0.0,0.0,1,8,1,0.0
825,3.0,1,11.0,4.0,11,6,7,0.0
827,4.0,4,6.0,5.0,5,11,3,0.0
831,3.0,4,6.0,7.0,6,8,3,0.0
832,4.0,4,2.0,3.0,10,7,1,0.0
833,4.0,12,10.0,8.0,2,1,8,0.0
836,4.0,12,6.0,8.0,2,1,4,0.0
837,2.0,7,4.0,6.0,3,2,3,0.0
838,6.0,4,7.0,0.0,9,3,3,0.0
839,4.0,8,6.0,4.0,5,5,2,0.0
840,5.0,7,10.0,10.0,5,4,4,0.0
841,2.0,5,1.0,4.0,1,9,3,0.0
842,1.0,6,3.0,10.0,5,4,2,0.0
843,5.0,7,5.0,9.0,4,5,2,0.0
844,3.0,8,11.0,3.0,3,5,6,0.0
845,4.0,7,7.0,10.0,2,6,6,0.0
846,5.0,7,2.0,8.0,4,4,1,0.0
847,5.0,7,0.0,3.0,5,6,1,0.0
848,1.0,9,5.0,7.0,1,3,11,0.0
850,5.0,7,10.0,0.0,3,2,7,0.0
851,5.0,2,2.0,9.0,12,12,1,0.0
852,3.0,12,2.0,1.0,1,2,4,0.0
853,2.0,6,4.0,5.0,5,3,2,0.0
854,5.0,3,4.0,6.0,2,10,12,0.0
855,3.0,4,8.0,0.0,5,6,5,0.0
856,3.0,4,8.0,3.0,4,8,6,0.0
857,3.0,9,8.0,10.0,4,2,3,0.0
859,2.0,3,11.0,5.0,6,11,7,0.0
860,6.0,11,3.0,0.0,1,1,7,0.0
861,3.0,2,9.0,3.0,5,8,8,0.0
863,2.0,6,3.0,3.0,4,7,2,0.0
864,3.0,10,11.0,7.0,2,5,10,0.0
865,5.0,8,2.0,1.0,3,3,1,0.0
866,2.0,6,8.0,1.0,2,4,12,0.0
867,2.0,2,6.0,2.0,5,10,6,0.0
868,5.0,3,11.0,7.0,7,12,6,0.0
869,6.0,9,2.0,6.0,3,2,1,0.0
870,6.0,12,10.0,4.0,2,3,6,0.0
873,3.0,6,2.0,4.0,3,3,2,0.0
875,3.0,10,8.0,1.0,4,5,3,0.0
876,2.0,5,4.0,9.0,2,8,5,0.0
877,3.0,9,6.0,1.0,3,1,4,0.0
878,5.0,12,6.0,10.0,2,1,4,0.0
880,5.0,7,1.0,8.0,2,4,1,0.0
881,5.0,6,4.0,0.0,4,6,3,0.0
882,1.0,11,8.0,10.0,4,4,3,1.0
883,2.0,11,3.0,0.0,3,4,2,0.0
887,3.0,2,8.0,6.0,3,11,12,0.0
888,2.0,2,7.0,10.0,4,5,10,0.0
890,1.0,7,3.0,7.0,6,3,1,1.0
891,6.0,12,0.0,5.0,3,2,1,0.0
893,3.0,9,7.0,9.0,2,2,5,0.0
894,6.0,9,7.0,1.0,2,1,4,0.0
895,1.0,8,6.0,9.0,2,3,5,0.0
896,3.0,7,5.0,3.0,1,2,11,0.0
898,3.0,10,5.0,2.0,2,5,4,0.0
899,4.0,10,6.0,2.0,4,1,2,0.0
900,1.0,9,8.0,3.0,4,5,3,1.0
902,5.0,5,7.0,9.0,3,5,7,0.0
903,1.0,4,3.0,7.0,5,1,2,0.0
904,2.0,12,3.0,0.0,3,2,1,0.0
905,6.0,10,3.0,3.0,4,2,1,0.0
906,4.0,9,5.0,7.0,1,3,6,0.0
909,3.0,4,10.0,2.0,7,9,4,0.0
910,3.0,10,4.0,9.0,4,2,2,0.0
911,2.0,5,9.0,3.0,5,1,4,0.0
912,1.0,12,2.0,4.0,1,2,3,0.0
914,2.0,6,0.0,10.0,2,6,1,0.0
915,3.0,4,6.0,1.0,4,8,4,0.0
916,4.0,8,8.0,0.0,3,2,4,0.0
918,5.0,5,1.0,10.0,4,5,1,0.0
919,1.0,4,10.0,6.0,10,4,3,1.0
920,6.0,6,4.0,9.0,3,7,3,0.0
921,3.0,8,9.0,1.0,2,3,8,0.0
922,5.0,5,0.0,8.0,8,1,1,0.0
923,4.0,3,10.0,3.0,10,10,3,0.0
924,2.0,11,9.0,2.0,3,3,4,0.0
925,3.0,7,5.0,1.0,4,5,3,0.0
927,5.0,10,6.0,3.0,1,1,7,0.0
929,2.0,10,1.0,2.0,1,4,5,0.0
930,5.0,6,3.0,0.0,7,4,1,0.0
932,2.0,5,7.0,5.0,6,5,3,0.0
933,1.0,3,4.0,1.0,7,7,2,0.0
934,1.0,9,0.0,0.0,4,1,1,0.0
939,5.0,7,5.0,7.0,2,7,5,0.0
940,3.0,5,2.0,1.0,4,7,1,0.0
941,3.0,12,11.0,6.0,3,1,4,0.0
942,1.0,5,9.0,7.0,5,2,5,0.0
943,3.0,11,11.0,7.0,3,1,5,0.0
947,4.0,8,0.0,10.0,2,3,1,0.0
950,1.0,4,9.0,2.0,7,7,4,0.0
952,4.0,7,2.0,4.0,3,5,2,0.0
953,1.0,11,2.0,4.0,2,2,2,0.0
954,2.0,8,10.0,7.0,4,6,4,0.0
956,2.0,12,9.0,1.0,2,2,6,0.0
958,4.0,10,0.0,1.0,4,4,1,0.0
961,2.0,8,11.0,2.0,2,3,8,0.0
962,6.0,8,6.0,3.0,3,2,3,0.0
964,3.0,4,10.0,7.0,3,12,10,0.0
966,1.0,10,6.0,5.0,3,4,3,0.0
968,4.0,11,8.0,5.0,2,3,6,0.0
969,5.0,11,2.0,5.0,2,1,2,0.0
970,2.0,2,1.0,4.0,8,1,1,0.0
971,6.0,7,2.0,10.0,4,5,1,0.0
974,4.0,6,8.0,8.0,4,1,4,0.0
975,4.0,9,4.0,5.0,1,1,5,0.0
976,5.0,6,11.0,7.0,2,8,10,0.0
977,6.0,2,0.0,7.0,4,3,1,0.0
978,1.0,8,4.0,10.0,1,4,12,0.0
980,4.0,4,9.0,4.0,4,9,6,0.0
981,6.0,9,5.0,10.0,3,1,2,0.0
982,2.0,9,3.0,10.0,3,3,2,0.0
985,1.0,6,2.0,7.0,1,5,4,0.0
986,3.0,12,8.0,6.0,1,2,12,0.0
988,3.0,9,6.0,10.0,1,2,7,0.0
989,2.0,3,11.0,8.0,6,3,8,0.0
991,1.0,3,5.0,8.0,9,10,2,0.0
992,6.0,4,2.0,10.0,9,8,1,0.0
993,4.0,12,2.0,8.0,2,2,1,0.0
994,5.0,7,10.0,0.0,3,1,6,0.0
995,2.0,1,1.0,5.0,5,8,2,0.0
996,5.0,6,5.0,1.0,5,5,2,0.0
997,2.0,11,4.0,7.0,2,4,3,0.0
999,5.0,7,0.0,9.0,4,8,1,0.0
1000,4.0,5,9.0,0.0,3,3,8,0.0
1001,6.0,11,10.0,8.0,3,3,5,0.0
1002,5.0,4,7.0,2.0,4,10,5,0.0
1003,2.0,6,0.0,2.0,4,4,1,0.0
1004,4.0,12,2.0,6.0,1,2,3,0.0
1005,1.0,8,6.0,9.0,3,6,4,0.0
1006,5.0,9,2.0,2.0,2,3,2,0.0
1007,6.0,7,5.0,4.0,4,1,2,0.0
1008,6.0,11,5.0,6.0,2,4,4,0.0
1009,2.0,10,8.0,6.0,2,4,8,0.0
1010,5.0,8,1.0,7.0,4,4,1,0.0
1011,2.0,9,2.0,6.0,3,4,1,0.0
1012,1.0,5,5.0,1.0,6,4,2,0.0
1014,2.0,5,9.0,5.0,4,5,5,0.0
1015,2.0,4,8.0,7.0,2,11,12,0.0
1016,2.0,8,1.0,4.0,4,3,1,0.0
1018,4.0,6,10.0,10.0,5,6,4,0.0
1019,1.0,11,2.0,2.0,2,4,2,0.0
1020,5.0,9,10.0,10.0,3,2,5,0.0
1022,6.0,8,1.0,0.0,4,1,1,0.0
1023,2.0,3,1.0,10.0,6,6,1,0.0
1024,1.0,7,5.0,5.0,5,6,2,1.0
1025,1.0,3,4.0,3.0,9,7,2,0.0
1029,1.0,3,2.0,0.0,1,11,6,0.0
1031,5.0,5,5.0,8.0,3,4,4,0.0
1032,6.0,7,1.0,5.0,6,3,1,0.0
1033,6.0,9,0.0,9.0,3,2,1,0.0
1036,1.0,7,10.0,2.0,5,7,3,1.0
1037,6.0,4,9.0,5.0,8,8,3,0.0
1038,3.0,5,11.0,0.0,5,4,5,0.0
1039,5.0,1,0.0,0.0,8,7,1,0.0
1040,4.0,7,3.0,2.0,3,4,2,0.0
1041,1.0,6,2.0,2.0,2,1,2,0.0
1042,3.0,3,7.0,2.0,5,6,6,0.0
1043,5.0,5,11.0,9.0,7,6,4,0.0
1044,2.0,11,6.0,4.0,3,2,3,0.0
1045,6.0,9,2.0,4.0,2,2,2,0.0
1046,5.0,7,11.0,10.0,4,4,4,0.0
1047,4.0,5,2.0,4.0,6,9,1,0.0
1051,2.0,10,7.0,1.0,4,2,3,0.0
1052,2.0,12,8.0,9.0,2,4,5,0.0
1054,6.0,2,0.0,6.0,5,1,1,0.0
1055,5.0,5,1.0,10.0,3,6,1,0.0
1056,4.0,7,5.0,5.0,2,7,6,0.0
1057,3.0,9,2.0,5.0,3,4,2,0.0
1058,2.0,5,4.0,10.0,3,1,4,0.0
1059,5.0,3,9.0,5.0,10,5,4,0.0
1062,1.0,5,2.0,7.0,7,1,1,1.0
1064,3.0,3,4.0,10.0,5,7,3,0.0
1065,6.0,8,6.0,9.0,3,6,3,0.0
1066,2.0,3,0.0,1.0,7,6,1,0.0
1067,3.0,7,9.0,6.0,2,7,7,0.0
1068,2.0,10,3.0,10.0,4,2,1,1.0
1070,3.0,5,6.0,1.0,6,9,2,0.0
1071,1.0,3,7.0,3.0,7,6,4,0.0
1072,3.0,1,9.0,1.0,8,5,10,0.0
1073,3.0,3,5.0,3.0,10,6,2,0.0
1076,3.0,4,1.0,8.0,6,11,1,0.0
1077,6.0,10,3.0,3.0,3,4,2,0.0
1078,2.0,6,4.0,2.0,6,6,2,0.0
1079,5.0,12,9.0,5.0,2,2,6,0.0
1081,4.0,9,11.0,7.0,2,4,10,0.0
1082,5.0,6,11.0,0.0,4,5,6,0.0
1083,5.0,12,3.0,0.0,1,3,3,0.0
1084,2.0,3,6.0,6.0,10,1,2,0.0
1087,4.0,10,9.0,7.0,2,5,6,0.0
1088,5.0,11,5.0,0.0,1,1,7,0.0
1090,6.0,11,8.0,6.0,2,1,4,0.0
1091,4.0,11,5.0,8.0,3,3,2,0.0
1092,5.0,6,2.0,8.0,2,6,3,0.0
1093,2.0,11,1.0,5.0,2,4,1,0.0
1094,6.0,7,7.0,2.0,2,7,9,0.0
1095,5.0,9,10.0,4.0,4,1,4,0.0
1096,6.0,2,9.0,3.0,5,8,10,0.0
1098,4.0,4,2.0,4.0,9,9,1,0.0
1099,2.0,11,5.0,6.0,1,3,9,0.0
1100,6.0,12,6.0,6.0,1,2,6,0.0
1101,5.0,10,4.0,0.0,4,4,2,0.0
1102,1.0,11,10.0,4.0,2,2,6,0.0
1105,4.0,9,1.0,3.0,1,3,2,0.0
1107,3.0,8,1.0,7.0,3,3,1,0.0
1110,6.0,10,9.0,5.0,4,5,3,0.0
1111,3.0,8,2.0,4.0,3,3,1,0.0
1112,5.0,9,6.0,0.0,3,1,3,0.0
1113,2.0,10,3.0,10.0,2,2,3,0.0
1115,5.0,10,7.0,2.0,3,4,4,0.0
1116,4.0,9,2.0,2.0,4,2,1,0.0
1118,1.0,4,4.0,1.0,5,8,3,0.0
1119,5.0,8,5.0,0.0,2,2,6,0.0
1120,6.0,2,9.0,5.0,10,1,4,0.0
1121,1.0,12,0.0,7.0,3,1,1,1.0
1122,6.0,9,0.0,2.0,3,3,1,0.0
1123,5.0,7,6.0,1.0,3,2,5,0.0
1124,3.0,11,10.0,0.0,3,1,4,0.0
1127,3.0,8,1.0,5.0,2,6,1,0.0
1128,5.0,7,7.0,4.0,3,7,5,0.0
1129,3.0,9,10.0,1.0,3,4,5,0.0
1130,4.0,3,10.0,5.0,9,11,4,0.0
1131,5.0,11,9.0,1.0,2,1,6,0.0
1132,4.0,9,3.0,3.0,4,2,1,0.0
1133,3.0,10,2.0,4.0,4,5,1,0.0
1136,5.0,10,9.0,1.0,1,5,9,0.0
1137,1.0,5,10.0,2.0,7,4,3,1.0
1138,3.0,12,6.0,7.0,2,1,3,0.0
1139,1.0,11,8.0,7.0,3,2,3,1.0
1140,1.0,5,0.0,3.0,1,4,1,0.0
1141,2.0,4,10.0,7.0,3,4,10,0.0
1142,1.0,8,10.0,10.0,4,7,4,1.0
1144,2.0,3,6.0,0.0,2,10,9,0.0
1146,2.0,7,11.0,4.0,2,1,12,0.0
1147,1.0,5,5.0,10.0,2,8,5,0.0
1148,6.0,5,1.0,8.0,5,6,1,0.0
1150,2.0,11,7.0,2.0,2,3,4,0.0
1151,2.0,12,2.0,4.0,3,3,1,0.0
1152,6.0,9,6.0,6.0,2,2,4,0.0
1153,2.0,12,1.0,1.0,2,2,1,0.0
1155,3.0,10,0.0,10.0,2,1,1,0.0
1157,3.0,11,9.0,2.0,3,4,4,0.0
1158,3.0,9,4.0,6.0,3,4,2,0.0
1159,6.0,3,3.0,4.0,8,2,2,0.0
1160,6.0,6,4.0,4.0,5,3,2,0.0
1162,1.0,5,2.0,10.0,6,7,1,1.0
1163,4.0,8,3.0,2.0,5,4,1,0.0
1165,1.0,3,7.0,1.0,5,11,5,0.0
1166,3.0,12,8.0,5.0,3,5,3,0.0
1167,6.0,6,10.0,5.0,7,3,3,0.0
1170,4.0,4,2.0,4.0,5,7,1,0.0
1172,6.0,5,0.0,0.0,7,5,1,0.0
1173,5.0,9,4.0,1.0,1,1,7,0.0
1175,6.0,7,5.0,4.0,5,4,2,0.0
1176,3.0,11,1.0,7.0,1,3,2,0.0
1177,3.0,4,2.0,10.0,1,5,6,0.0
1178,6.0,9,5.0,1.0,3,5,3,0.0
1179,2.0,6,5.0,7.0,2,5,6,0.0
1180,1.0,11,2.0,3.0,3,1,1,0.0
1181,6.0,4,9.0,3.0,3,5,9,0.0
1183,1.0,9,6.0,1.0,4,1,2,1.0
1185,5.0,9,8.0,1.0,2,6,7,0.0
1186,4.0,7,3.0,2.0,1,1,5,0.0
1187,5.0,8,0.0,1.0,5,4,1,0.0
1188,3.0,8,4.0,10.0,5,2,2,0.0
1190,2.0,4,11.0,6.0,4,4,8,0.0
1191,1.0,6,3.0,3.0,2,1,3,0.0
1192,5.0,6,1.0,1.0,2,7,1,0.0
1196,6.0,8,3.0,4.0,1,6,9,0.0
1198,2.0,12,11.0,9.0,3,5,4,1.0
1200,3.0,9,7.0,6.0,3,5,4,0.0
1203,5.0,5,6.0,10.0,5,5,3,0.0
1204,4.0,5,0.0,2.0,2,8,1,0.0
1205,3.0,9,6.0,1.0,1,5,8,0.0
1207,5.0,9,5.0,7.0,3,2,2,0.0
1208,2.0,5,9.0,7.0,3,2,7,0.0
1209,1.0,11,3.0,9.0,3,2,2,1.0
1210,1.0,6,2.0,5.0,1,8,9,0.0
1211,4.0,8,9.0,2.0,4,7,4,0.0
1213,6.0,12,0.0,7.0,1,4,1,0.0
1214,1.0,11,5.0,0.0,4,3,2,1.0
1215,2.0,2,8.0,4.0,8,2,5,0.0
1216,3.0,3,10.0,6.0,10,7,4,0.0
1218,1.0,6,9.0,9.0,5,7,4,1.0
1219,4.0,12,0.0,0.0,3,1,1,0.0
1220,5.0,12,0.0,3.0,2,1,1,0.0
1221,6.0,10,5.0,1.0,3,1,2,0.0
1222,6.0,9,1.0,0.0,3,2,1,0.0
1223,3.0,11,3.0,7.0,1,4,6,0.0
1224,5.0,3,11.0,1.0,7,10,5,0.0
1225,3.0,10,2.0,0.0,4,4,1,0.0
1227,1.0,2,11.0,9.0,4,9,11,0.0
1229,6.0,10,2.0,5.0,4,3,1,0.0
1231,3.0,8,9.0,5.0,5,4,3,0.0
1232,5.0,7,8.0,2.0,4,7,4,0.0
1233,6.0,6,9.0,10.0,4,2,4,0.0
1235,2.0,7,11.0,4.0,4,6,5,0.0
1236,6.0,7,10.0,3.0,4,6,5,0.0
1237,5.0,7,6.0,5.0,3,1,3,0.0
1238,2.0,3,8.0,4.0,4,8,7,0.0
1239,6.0,5,2.0,3.0,1,4,9,0.0
1241,3.0,8,3.0,10.0,1,2,6,0.0
1242,1.0,3,3.0,10.0,9,10,2,0.0
1243,1.0,6,10.0,4.0,2,4,11,0.0
1244,1.0,9,5.0,6.0,1,2,9,0.0
1245,4.0,5,1.0,6.0,6,8,1,0.0
1247,5.0,4,2.0,9.0,7,5,1,0.0
1248,2.0,8,7.0,0.0,5,6,3,0.0
1249,3.0,6,3.0,4.0,3,7,3,0.0
1251,1.0,8,1.0,9.0,3,4,1,0.0
1252,3.0,6,2.0,8.0,2,8,3,0.0
1254,2.0,10,10.0,5.0,2,4,9,0.0
1257,2.0,8,9.0,7.0,2,3,7,0.0
1258,2.0,11,1.0,5.0,2,3,1,0.0
1261,1.0,11,6.0,0.0,1,3,8,0.0
1262,1.0,12,3.0,0.0,3,4,1,1.0
1263,6.0,9,3.0,7.0,1,6,9,0.0
1266,6.0,7,10.0,2.0,4,6,4,0.0
1267,5.0,8,3.0,2.0,3,3,2,0.0
1268,5.0,8,6.0,1.0,5,3,2,0.0
1269,2.0,5,2.0,8.0,5,4,1,0.0
1270,3.0,11,10.0,2.0,2,1,9,0.0
1272,5.0,11,5.0,7.0,4,4,2,0.0
1273,1.0,1,1.0,7.0,1,11,9,0.0
1275,3.0,6,7.0,3.0,6,6,3,0.0
1276,2.0,12,11.0,0.0,3,1,4,1.0
1277,6.0,12,0.0,2.0,2,3,1,0.0
1279,5.0,6,0.0,2.0,2,7,1,0.0
1280,2.0,12,0.0,7.0,3,3,1,1.0
1281,6.0,9,3.0,8.0,3,5,2,0.0
1282,2.0,8,5.0,6.0,5,2,2,0.0
1284,2.0,9,10.0,1.0,4,3,3,1.0
1285,1.0,5,6.0,10.0,4,7,4,0.0
1286,4.0,8,4.0,0.0,2,4,3,0.0
1288,2.0,12,4.0,0.0,2,3,3,0.0
1290,1.0,5,0.0,6.0,1,6,1,0.0
1291,4.0,8,11.0,2.0,2,6,10,0.0
1293,2.0,6,1.0,3.0,4,8,1,0.0
1296,5.0,7,6.0,1.0,2,3,6,0.0
1297,3.0,7,5.0,6.0,4,7,3,0.0
1298,5.0,12,6.0,0.0,2,1,3,0.0
1299,4.0,4,8.0,4.0,5,6,4,0.0
1300,5.0,6,2.0,2.0,4,2,2,0.0
1302,4.0,3,0.0,4.0,1,10,1,0.0
1303,2.0,8,5.0,1.0,3,5,3,0.0
1304,2.0,5,7.0,4.0,5,7,3,0.0
1305,1.0,12,7.0,8.0,2,2,4,0.0
1306,6.0,11,7.0,4.0,1,4,10,0.0
1307,4.0,8,6.0,6.0,2,3,6,0.0
1308,6.0,5,4.0,1.0,2,2,7,0.0
1309,3.0,9,1.0,4.0,3,6,1,0.0
1313,1.0,3,9.0,9.0,12,2,3,1.0
1315,5.0,11,0.0,9.0,3,3,1,0.0
1316,3.0,12,11.0,5.0,2,2,5,0.0
1317,4.0,9,11.0,10.0,2,3,9,0.0
1318,4.0,8,1.0,6.0,2,1,1,0.0
1319,1.0,2,6.0,10.0,8,11,4,0.0
1320,1.0,12,10.0,10.0,3,1,4,1.0
1321,4.0,11,11.0,0.0,3,1,5,0.0
1322,6.0,6,4.0,10.0,5,9,2,0.0
1324,3.0,10,5.0,7.0,4,1,2,0.0
1325,4.0,5,7.0,10.0,3,9,6,0.0
1326,4.0,5,4.0,5.0,6,8,2,0.0
1328,1.0,12,5.0,1.0,2,1,4,0.0
1330,1.0,10,9.0,5.0,1,4,9,0.0
1332,3.0,10,1.0,8.0,1,2,2,0.0
1333,2.0,5,10.0,9.0,5,7,5,0.0
1334,2.0,6,1.0,8.0,1,3,3,0.0
1335,4.0,9,8.0,1.0,3,1,4,0.0
1338,6.0,4,1.0,9.0,5,5,1,0.0
1341,1.0,9,3.0,10.0,4,2,2,1.0
1342,2.0,2,2.0,2.0,4,6,3,0.0
1343,6.0,4,11.0,10.0,5,5,6,0.0
1344,5.0,10,0.0,7.0,1,1,1,0.0
1345,4.0,9,5.0,0.0,3,4,3,0.0
1346,3.0,10,0.0,5.0,2,5,1,0.0
1347,2.0,9,8.0,1.0,2,5,5,0.0
1348,6.0,6,4.0,7.0,6,4,2,0.0
1349,5.0,7,4.0,7.0,1,6,12,0.0
1350,1.0,6,6.0,4.0,4,1,3,0.0
1352,2.0,9,8.0,10.0,2,6,5,0.0
1353,6.0,11,5.0,2.0,1,3,5,0.0
1355,3.0,5,3.0,9.0,2,7,4,0.0
1356,4.0,11,8.0,10.0,2,4,4,0.0
1359,6.0,12,7.0,9.0,2,1,4,0.0
1360,6.0,11,7.0,8.0,3,2,3,0.0
1361,4.0,6,5.0,3.0,4,2,2,0.0
1362,3.0,11,2.0,3.0,4,1,1,0.0
1363,2.0,12,0.0,6.0,2,2,1,0.0
1364,2.0,5,10.0,3.0,2,3,12,0.0
1366,3.0,10,3.0,6.0,4,3,1,0.0
1367,2.0,12,4.0,9.0,1,2,9,0.0
1368,2.0,9,0.0,9.0,4,6,1,1.0
1369,6.0,6,7.0,9.0,5,8,3,0.0
1370,2.0,12,5.0,7.0,3,1,2,0.0
1371,1.0,10,9.0,8.0,3,4,5,1.0
1373,6.0,4,7.0,0.0,2,10,12,0.0
1375,1.0,10,1.0,8.0,4,5,1,1.0
1376,5.0,12,4.0,5.0,1,4,5,0.0
1377,6.0,10,5.0,2.0,3,5,3,0.0
1378,5.0,11,8.0,8.0,1,4,9,0.0
1379,3.0,3,1.0,7.0,2,7,3,0.0
1380,5.0,5,2.0,9.0,5,5,1,0.0
1381,2.0,7,5.0,9.0,2,1,5,0.0
1384,1.0,9,10.0,0.0,2,1,9,0.0
1385,4.0,12,7.0,1.0,3,4,3,0.0
1386,1.0,1,4.0,7.0,11,10,3,0.0
1387,2.0,12,4.0,8.0,1,2,5,0.0
1388,2.0,6,8.0,5.0,4,1,4,0.0
1389,4.0,12,5.0,10.0,1,4,6,0.0
1391,1.0,5,2.0,7.0,7,6,1,1.0
1392,4.0,12,11.0,8.0,2,3,7,0.0
1393,5.0,11,6.0,10.0,2,5,5,0.0
1397,5.0,5,8.0,6.0,3,5,6,0.0
1399,3.0,8,2.0,8.0,5,1,1,0.0
1401,2.0,6,8.0,0.0,3,2,6,0.0
1402,5.0,6,9.0,9.0,4,3,5,0.0
1403,4.0,6,4.0,8.0,3,8,3,0.0
1404,2.0,8,0.0,8.0,4,6,1,0.0
1405,1.0,12,10.0,3.0,2,1,5,0.0
1406,1.0,4,4.0,2.0,4,10,3,0.0
1407,2.0,3,5.0,0.0,2,6,11,0.0
1408,1.0,4,1.0,0.0,3,10,2,0.0
1409,4.0,12,6.0,5.0,2,3,3,0.0
1410,6.0,9,11.0,5.0,2,5,11,0.0
1411,1.0,6,8.0,0.0,6,8,3,1.0
1412,2.0,4,6.0,5.0,3,1,5,0.0
1413,4.0,11,6.0,8.0,2,4,5,0.0
1414,6.0,8,3.0,0.0,1,6,4,0.0
1415,6.0,10,0.0,6.0,2,4,1,0.0
1416,5.0,8,7.0,3.0,2,4,7,0.0
1417,6.0,5,5.0,10.0,6,6,2,0.0
1419,3.0,3,11.0,5.0,11,8,4,0.0
1420,1.0,9,5.0,2.0,1,1,7,0.0
1421,4.0,10,9.0,3.0,2,1,6,0.0
1422,6.0,11,7.0,4.0,4,3,2,0.0
1424,6.0,4,6.0,9.0,6,7,3,0.0
1426,1.0,9,10.0,7.0,4,3,4,1.0
1427,2.0,10,10.0,0.0,2,4,6,0.0
1428,5.0,3,2.0,6.0,5,2,2,0.0
1429,3.0,4,3.0,7.0,2,6,6,0.0
1430,2.0,10,7.0,7.0,3,1,3,0.0
1431,5.0,8,2.0,5.0,2,5,2,0.0
1432,5.0,8,4.0,1.0,2,1,4,0.0
1434,1.0,12,4.0,6.0,2,4,2,0.0
1435,5.0,12,9.0,3.0,3,3,4,0.0
1438,4.0,12,2.0,3.0,4,2,1,0.0
1439,5.0,3,10.0,10.0,9,6,4,0.0
1441,1.0,6,10.0,6.0,4,8,5,0.0
1443,6.0,4,9.0,3.0,6,4,4,0.0
1445,4.0,12,3.0,9.0,2,3,2,0.0
1446,2.0,1,7.0,7.0,11,7,8,0.0
1447,3.0,6,4.0,0.0,1,8,12,0.0
1448,4.0,3,3.0,5.0,8,3,2,0.0
1449,4.0,12,8.0,9.0,3,4,4,0.0
1450,3.0,5,5.0,5.0,5,7,2,0.0
1451,3.0,7,7.0,7.0,4,4,3,0.0
1453,3.0,8,8.0,10.0,3,2,5,0.0
1455,1.0,7,5.0,8.0,3,3,3,0.0
1456,5.0,3,1.0,6.0,1,3,3,0.0
1457,4.0,3,0.0,4.0,11,5,1,0.0
1458,6.0,7,4.0,10.0,3,6,3,0.0
1460,2.0,12,11.0,2.0,3,4,4,1.0
1461,2.0,8,3.0,1.0,4,3,2,0.0
1462,3.0,11,6.0,6.0,4,3,2,0.0
1463,1.0,12,1.0,2.0,2,3,1,0.0
1464,5.0,12,8.0,1.0,3,4,3,0.0
1466,2.0,11,10.0,6.0,3,3,4,1.0
1467,1.0,6,6.0,5.0,2,6,6,0.0
1468,4.0,12,10.0,7.0,2,1,7,0.0
1469,1.0,7,5.0,6.0,5,1,2,1.0
1471,6.0,4,0.0,3.0,2,4,1,0.0
1473,3.0,3,3.0,3.0,5,11,3,0.0
1474,6.0,12,7.0,5.0,3,1,3,0.0
1476,6.0,4,2.0,5.0,2,6,3,0.0
1477,4.0,3,6.0,4.0,3,4,6,0.0
1479,6.0,10,6.0,2.0,2,2,4,0.0
1480,2.0,12,8.0,5.0,2,4,4,0.0
1482,6.0,8,10.0,3.0,5,7,3,0.0
1485,1.0,9,9.0,3.0,2,3,10,0.0
1486,6.0,4,7.0,10.0,7,10,3,0.0
1487,5.0,2,3.0,9.0,8,2,2,0.0
1488,1.0,7,2.0,8.0,3,7,1,0.0
1490,4.0,2,8.0,2.0,9,12,5,0.0
1491,1.0,11,8.0,10.0,1,2,9,0.0
1495,3.0,10,10.0,3.0,4,1,3,0.0
1496,2.0,6,3.0,6.0,7,1,1,0.0
1497,6.0,12,3.0,1.0,3,4,1,0.0
1498,5.0,9,0.0,8.0,1,1,1,0.0
1500,3.0,4,5.0,10.0,7,8,2,0.0
1502,4.0,7,11.0,6.0,5,1,4,0.0
1506,6.0,3,10.0,8.0,5,4,6,0.0
1507,2.0,12,10.0,7.0,3,1,4,0.0
1508,4.0,10,3.0,2.0,4,5,2,0.0
1509,4.0,11,0.0,8.0,1,2,1,0.0
1510,3.0,12,2.0,9.0,1,4,3,0.0
1511,3.0,5,2.0,8.0,1,3,6,0.0
1512,2.0,7,9.0,7.0,2,1,7,0.0
1513,4.0,10,8.0,5.0,2,5,6,0.0
1515,6.0,7,1.0,0.0,4,5,1,0.0
1516,3.0,5,7.0,1.0,5,6,3,0.0
1517,3.0,7,10.0,4.0,2,4,11,0.0
1518,1.0,11,3.0,6.0,1,5,9,0.0
1519,1.0,5,1.0,4.0,7,6,1,0.0
1520,5.0,10,2.0,1.0,2,5,2,0.0
1523,3.0,3,2.0,8.0,11,7,1,0.0
1525,2.0,11,10.0,0.0,3,3,4,0.0
1526,6.0,7,4.0,7.0,4,7,2,0.0
1527,6.0,2,0.0,4.0,10,7,1,0.0
1528,3.0,6,1.0,9.0,7,5,1,0.0
1529,1.0,9,7.0,10.0,2,5,5,0.0
1535,4.0,11,0.0,7.0,1,2,1,0.0
1536,5.0,3,7.0,4.0,10,9,3,0.0
1537,2.0,10,1.0,0.0,4,2,1,0.0
1538,6.0,11,5.0,6.0,2,3,3,0.0
1540,1.0,7,9.0,8.0,3,1,5,0.0
1542,3.0,8,6.0,7.0,3,4,3,0.0
1544,6.0,8,8.0,8.0,3,4,5,0.0
1545,2.0,1,2.0,4.0,9,3,3,0.0
1547,6.0,8,8.0,9.0,1,3,10,0.0
1549,5.0,7,4.0,0.0,1,3,6,0.0
1550,6.0,8,8.0,2.0,5,4,3,0.0
1551,5.0,6,11.0,5.0,6,4,4,0.0
1552,4.0,7,1.0,6.0,3,6,1,0.0
1553,4.0,12,0.0,0.0,2,1,1,0.0
1554,4.0,4,9.0,9.0,9,12,3,0.0
1555,3.0,6,0.0,7.0,2,6,1,0.0
1556,2.0,4,11.0,1.0,3,10,11,0.0
1559,5.0,4,0.0,9.0,7,4,1,0.0
1560,1.0,12,8.0,7.0,3,1,4,1.0
1562,3.0,12,6.0,4.0,3,1,3,0.0
1565,1.0,4,10.0,7.0,8,3,3,1.0
1566,1.0,6,4.0,9.0,1,8,7,0.0
1567,5.0,2,4.0,6.0,11,2,2,0.0
1568,5.0,11,10.0,4.0,3,4,4,0.0
1569,2.0,9,4.0,6.0,4,3,2,0.0
1570,2.0,10,4.0,2.0,3,4,2,0.0
1571,2.0,2,7.0,3.0,5,1,6,0.0
1573,5.0,8,10.0,0.0,5,3,3,0.0
1576,6.0,7,0.0,9.0,3,4,1,0.0
1577,1.0,12,4.0,4.0,3,1,2,1.0
1578,3.0,8,11.0,6.0,3,5,5,0.0
1579,2.0,8,4.0,6.0,3,3,2,0.0
1581,3.0,12,3.0,7.0,2,2,2,0.0
1584,1.0,4,6.0,8.0,9,9,2,1.0
1585,1.0,10,9.0,4.0,1,2,9,0.0
1586,5.0,9,8.0,10.0,2,5,5,0.0
1587,1.0,10,10.0,9.0,3,1,5,1.0
1588,1.0,7,3.0,5.0,5,6,1,1.0
1589,3.0,12,4.0,2.0,1,5,6,0.0
1590,4.0,4,4.0,8.0,6,9,2,0.0
1591,6.0,5,2.0,4.0,1,7,5,0.0
1593,5.0,6,10.0,1.0,3,4,6,0.0
1594,6.0,6,7.0,5.0,3,7,5,0.0
1595,4.0,7,11.0,4.0,4,2,4,0.0
1596,1.0,8,10.0,4.0,4,1,4,1.0
1599,2.0,5,4.0,0.0,8,1,2,0.0
1600,1.0,9,7.0,1.0,3,4,3,1.0
1602,3.0,6,10.0,1.0,4,1,5,0.0
1603,2.0,6,5.0,1.0,4,5,3,0.0
1605,6.0,10,3.0,8.0,2,3,3,0.0
1608,2.0,10,10.0,3.0,3,5,4,0.0
1609,1.0,8,9.0,10.0,2,2,7,0.0
1610,3.0,8,1.0,1.0,4,5,1,0.0
1614,3.0,8,6.0,7.0,4,2,3,0.0
1616,4.0,5,0.0,2.0,6,8,1,0.0
1617,4.0,4,2.0,3.0,7,9,1,0.0
1618,2.0,12,5.0,4.0,3,5,2,1.0
1621,1.0,8,0.0,6.0,3,3,1,0.0
1622,4.0,12,4.0,3.0,2,3,3,0.0
1623,2.0,2,2.0,7.0,10,8,2,0.0
1625,1.0,12,1.0,8.0,3,3,1,1.0
1626,6.0,9,7.0,6.0,3,4,4,0.0
1628,5.0,4,11.0,10.0,9,6,4,0.0
1629,1.0,4,0.0,7.0,3,4,1,0.0
1630,3.0,5,4.0,6.0,5,8,2,0.0
1632,3.0,12,3.0,8.0,2,2,2,0.0
1633,2.0,7,2.0,3.0,1,6,6,0.0
1634,4.0,12,9.0,8.0,2,4,4,0.0
1636,6.0,8,7.0,9.0,2,2,7,0.0
1637,1.0,5,10.0,4.0,3,2,7,0.0
1638,2.0,2,9.0,4.0,5,11,8,0.0
1639,5.0,10,0.0,4.0,2,2,1,0.0
1640,6.0,3,8.0,7.0,9,4,4,0.0
1641,6.0,7,8.0,2.0,3,7,5,0.0
1643,3.0,3,2.0,4.0,7,11,1,0.0
1645,5.0,8,6.0,8.0,3,6,3,0.0
1646,6.0,12,6.0,6.0,1,4,7,0.0
1647,6.0,10,3.0,9.0,2,3,3,0.0
1648,3.0,3,11.0,5.0,6,11,6,0.0
1649,3.0,7,6.0,7.0,3,2,4,0.0
1650,3.0,1,5.0,5.0,3,7,11,0.0
1652,4.0,10,2.0,7.0,4,4,1,0.0
1653,5.0,9,1.0,2.0,4,2,1,0.0
1654,5.0,8,0.0,1.0,1,3,1,0.0
1656,4.0,6,7.0,4.0,3,5,5,0.0
1658,6.0,9,7.0,6.0,3,5,4,0.0
1659,6.0,3,10.0,9.0,8,1,5,0.0
1660,4.0,7,11.0,3.0,5,6,4,0.0
1662,5.0,7,7.0,6.0,4,4,3,0.0
1663,2.0,7,5.0,1.0,3,6,3,0.0
1667,4.0,6,8.0,10.0,2,3,7,0.0
1668,2.0,3,4.0,3.0,6,1,2,0.0
1669,4.0,9,5.0,3.0,1,2,11,0.0
1670,5.0,4,10.0,1.0,8,8,3,0.0
1672,6.0,7,3.0,7.0,3,3,2,0.0
1675,4.0,3,0.0,4.0,3,5,1,0.0
1676,1.0,9,5.0,4.0,2,1,6,0.0
1677,3.0,9,0.0,10.0,1,3,1,0.0
1678,3.0,8,6.0,10.0,5,4,2,0.0
1679,4.0,10,11.0,2.0,2,5,6,0.0
1680,5.0,4,2.0,6.0,5,3,2,0.0
1683,3.0,12,4.0,10.0,2,2,2,0.0
1684,1.0,7,1.0,3.0,1,3,9,0.0
1686,3.0,8,3.0,2.0,4,2,2,0.0
1687,2.0,12,10.0,5.0,2,1,5,0.0
1688,4.0,11,8.0,7.0,1,4,8,0.0
1689,2.0,11,1.0,10.0,1,3,1,0.0
1691,2.0,4,3.0,8.0,5,1,2,0.0
1693,5.0,5,4.0,8.0,7,6,2,0.0
1694,3.0,5,11.0,4.0,7,6,4,0.0
1696,5.0,11,1.0,7.0,2,4,1,0.0
1697,1.0,4,9.0,8.0,7,9,4,1.0
1698,3.0,2,4.0,5.0,6,8,3,0.0
1700,1.0,2,5.0,8.0,12,4,3,0.0
1701,3.0,3,2.0,0.0,3,5,3,0.0
1702,4.0,5,1.0,5.0,1,8,2,0.0
1703,3.0,6,1.0,9.0,2,3,2,0.0
1706,1.0,8,7.0,4.0,2,4,5,0.0
1708,3.0,4,2.0,7.0,2,9,5,0.0
1710,5.0,12,1.0,2.0,1,4,1,0.0
1711,3.0,3,9.0,7.0,7,5,5,0.0
1714,3.0,10,5.0,6.0,3,4,2,0.0
1716,4.0,8,9.0,10.0,3,1,6,0.0
1717,3.0,4,3.0,9.0,5,7,2,0.0
1720,6.0,10,3.0,7.0,3,4,2,0.0
1721,1.0,9,2.0,5.0,2,2,2,0.0
1722,3.0,4,1.0,10.0,8,10,1,0.0
1723,6.0,2,7.0,3.0,7,11,4,0.0
1724,3.0,5,5.0,9.0,4,9,3,0.0
1725,1.0,2,4.0,8.0,6,9,4,0.0
1726,1.0,10,8.0,6.0,3,3,4,1.0
1727,4.0,5,8.0,0.0,4,8,5,0.0
1731,1.0,9,5.0,1.0,4,4,2,1.0
1732,2.0,9,6.0,7.0,3,1,4,0.0
1737,1.0,4,7.0,4.0,5,10,4,0.0
1738,1.0,2,9.0,8.0,9,3,5,0.0
1739,5.0,11,4.0,0.0,4,2,2,0.0
1740,2.0,11,5.0,7.0,2,3,4,0.0
1741,1.0,12,3.0,9.0,1,2,7,0.0
1742,5.0,10,10.0,0.0,4,5,4,0.0
1743,6.0,4,9.0,8.0,9,9,3,0.0
1744,5.0,4,1.0,9.0,5,4,1,0.0
1745,3.0,9,2.0,7.0,2,5,2,0.0
1746,3.0,6,1.0,5.0,3,1,1,0.0
1748,3.0,9,2.0,7.0,2,1,2,0.0
1749,4.0,3,5.0,3.0,5,11,3,0.0
1750,2.0,7,6.0,5.0,5,2,2,0.0
1752,6.0,10,8.0,5.0,4,5,3,0.0
1753,4.0,12,10.0,9.0,1,3,9,0.0
1755,1.0,9,6.0,5.0,1,5,8,0.0
1757,4.0,5,0.0,0.0,5,3,1,0.0
1758,1.0,3,3.0,3.0,10,9,1,0.0
1759,3.0,10,5.0,8.0,2,1,4,0.0
1762,2.0,11,1.0,4.0,1,4,3,0.0
1763,4.0,12,2.0,6.0,3,4,1,0.0
1770,4.0,10,6.0,5.0,4,2,3,0.0
1772,2.0,8,2.0,0.0,2,2,2,0.0
1775,2.0,10,11.0,7.0,2,1,9,0.0
1776,1.0,1,8.0,5.0,6,12,9,0.0
1777,3.0,4,2.0,1.0,3,2,3,0.0
1778,5.0,2,2.0,3.0,11,10,1,0.0
1779,1.0,11,11.0,3.0,3,4,5,1.0
1781,2.0,6,9.0,2.0,3,7,6,0.0
1782,3.0,4,3.0,7.0,7,2,2,0.0
1783,3.0,4,11.0,2.0,7,9,5,0.0
1784,5.0,4,2.0,7.0,4,4,2,0.0
1785,1.0,8,9.0,3.0,2,4,6,0.0
1786,1.0,7,1.0,6.0,1,6,5,0.0
1787,2.0,5,1.0,1.0,1,3,5,0.0
1789,1.0,11,10.0,0.0,3,3,4,1.0
1791,6.0,7,8.0,8.0,2,3,8,0.0
1792,2.0,5,7.0,7.0,5,7,4,0.0
1793,2.0,12,11.0,1.0,3,3,5,0.0
1794,1.0,3,2.0,0.0,7,9,1,0.0
1795,3.0,10,9.0,1.0,2,1,6,0.0
1796,6.0,4,5.0,1.0,9,2,2,0.0
1797,6.0,6,10.0,7.0,4,3,6,0.0
1798,2.0,11,8.0,8.0,2,1,7,0.0
1799,6.0,12,9.0,5.0,3,3,3,0.0
1800,1.0,9,1.0,9.0,3,4,1,1.0
1801,3.0,6,0.0,6.0,2,1,1,0.0
1802,1.0,5,5.0,3.0,4,3,3,0.0
1804,4.0,8,4.0,4.0,3,5,3,0.0
1805,2.0,7,0.0,4.0,2,3,1,0.0
1806,6.0,10,1.0,0.0,3,2,1,0.0
1808,1.0,9,8.0,4.0,2,3,5,0.0
1809,2.0,5,11.0,5.0,4,6,7,0.0
1810,1.0,2,3.0,8.0,5,1,3,0.0
1811,2.0,10,6.0,9.0,3,2,3,1.0
1812,3.0,6,4.0,0.0,3,2,3,0.0
1813,3.0,4,10.0,0.0,5,9,6,0.0
1814,2.0,5,11.0,10.0,6,1,5,0.0
1815,1.0,6,3.0,9.0,4,4,2,0.0
1816,3.0,11,4.0,1.0,1,5,4,0.0
1817,2.0,12,11.0,8.0,3,1,4,1.0
1819,3.0,5,4.0,1.0,3,4,4,0.0
1821,4.0,10,7.0,4.0,2,3,4,0.0
1822,2.0,11,8.0,1.0,4,1,3,1.0
1823,4.0,8,11.0,6.0,3,5,6,0.0
1824,2.0,5,2.0,6.0,7,1,1,0.0
1826,5.0,10,10.0,1.0,4,5,3,0.0
1827,1.0,8,3.0,3.0,2,2,2,0.0
1828,3.0,10,7.0,8.0,4,1,3,0.0
1830,6.0,12,9.0,8.0,3,1,4,0.0
1832,6.0,4,7.0,10.0,5,10,4,0.0
1833,3.0,10,11.0,2.0,3,2,4,0.0
1834,2.0,2,3.0,2.0,5,12,4,0.0
1836,3.0,12,0.0,8.0,1,1,1,0.0
1837,1.0,5,10.0,4.0,3,2,7,0.0
1838,1.0,10,10.0,0.0,3,3,4,1.0
1841,2.0,10,9.0,1.0,1,1,11,0.0
1843,5.0,8,10.0,6.0,4,1,4,0.0
1844,2.0,8,3.0,5.0,2,2,3,0.0
1845,5.0,8,6.0,0.0,1,3,8,0.0
1847,3.0,8,11.0,1.0,4,2,4,0.0
1850,6.0,4,8.0,5.0,6,6,3,0.0
1851,4.0,6,6.0,4.0,3,3,4,0.0
1852,1.0,5,6.0,1.0,7,7,2,1.0
1853,2.0,9,1.0,5.0,3,1,1,0.0
1855,3.0,11,6.0,3.0,2,1,5,0.0
1856,5.0,12,8.0,0.0,1,4,7,0.0
1857,1.0,9,3.0,6.0,3,4,2,1.0
1858,4.0,12,6.0,4.0,3,1,2,0.0
1859,6.0,3,1.0,5.0,9,9,1,0.0
1860,2.0,3,10.0,5.0,10,3,4,0.0
1864,4.0,7,1.0,0.0,2,6,2,0.0
1865,2.0,12,6.0,5.0,2,3,4,0.0
1868,5.0,5,5.0,3.0,3,3,4,0.0
1869,4.0,3,7.0,9.0,10,8,3,0.0
1871,3.0,10,8.0,1.0,2,4,5,0.0
1873,2.0,5,7.0,2.0,4,5,4,0.0
1875,1.0,2,5.0,5.0,12,8,2,1.0
1877,2.0,4,1.0,6.0,7,7,1,0.0
1878,4.0,8,2.0,2.0,3,3,1,0.0
